100,59,15,4,0,104,72,11,4,1,104,60,11,4,2,-25.69596,1030.0
100,58,7,3,0,100,72,11,3,1,100,49,7,8,2,-28.91819,1030.0
72,90,11,7,0,100,72,11,4,1,68,100,11,3,2,-70.41818,1030.0
96,80,15,3,1,96,72,15,3,0,68,88,15,10,2,-81.58486,683.0
92,60,19,9,0,72,80,15,3,1,92,43,15,16,2,-57.08485,682.0
92,59,19,13,0,92,80,15,3,1,92,42,15,16,2,-18.69596,682.0
92,80,15,6,1,92,64,15,4,0,92,44,15,15,2,-44.08485,682.0
92,59,15,3,0,92,80,15,4,1,92,42,15,16,2,-52.69596,682.0
84,64,23,4,0,76,80,31,3,1,92,43,15,15,2,-79.86263,682.0
92,59,19,6,0,92,80,15,7,1,92,42,15,16,2,-31.86263,682.0
92,80,15,3,1,92,67,19,6,0,88,67,7,4,2,-45.0293,682.0
92,66,19,6,0,96,80,11,4,1,92,41,15,16,2,-21.41819,662.0
92,42,19,17,0,80,80,31,3,1,92,42,19,15,2,-54.19596,661.0
32,67,31,3,1,44,72,19,5,0,12,1,31,5,2,-97.14042,661.0
92,60,19,9,0,96,81,15,3,1,92,41,19,17,2,-23.80707,661.0
92,60,15,8,0,96,80,15,3,1,92,42,19,17,2,-25.64041,661.0
88,67,23,4,0,92,60,15,5,1,92,42,19,17,2,-47.25152,661.0
88,59,23,14,0,96,80,15,3,1,92,42,19,17,2,-34.08485,661.0
84,60,27,9,0,96,80,15,3,1,92,44,19,15,2,-36.19596,661.0
92,59,15,6,0,96,80,11,3,1,92,42,19,17,2,-30.5293,661.0
92,61,19,7,0,96,80,15,4,1,92,42,19,17,2,-28.25152,661.0
92,60,19,6,0,96,80,11,3,1,92,42,19,17,2,-30.47374,661.0
84,60,27,9,0,96,80,15,3,1,92,42,19,17,2,-36.19596,661.0
92,59,19,8,0,96,80,11,6,1,92,42,19,17,2,-38.47374,647.0
96,80,11,7,1,92,65,15,4,0,92,41,15,17,2,-42.19596,645.0
92,64,23,5,0,92,80,15,6,1,92,41,15,18,2,-35.5293,645.0
88,63,23,6,0,92,80,19,5,1,92,41,15,18,2,-32.25152,645.0
84,59,27,15,0,96,80,15,3,1,92,41,19,18,2,-33.97374,645.0
92,66,19,3,0,96,80,15,4,1,92,41,15,17,2,-32.86263,645.0
92,60,15,3,0,92,80,19,5,1,92,41,15,17,2,-57.97374,645.0
92,80,19,5,1,92,62,19,6,0,92,40,19,18,2,-75.30708,645.0
92,59,19,9,0,92,80,15,4,1,92,42,15,17,2,-32.41818,645.0
92,60,19,9,0,88,68,23,4,1,64,80,23,5,2,-77.97374,635.0
92,63,15,4,0,84,68,11,3,1,92,40,15,18,2,-32.91818,634.0
92,59,19,13,0,92,80,15,4,1,92,40,15,19,2,-19.08485,634.0
88,59,23,14,0,92,80,15,4,1,92,59,19,9,2,-33.36263,634.0
92,60,19,10,0,92,80,15,3,1,92,40,15,19,2,-18.69596,634.0
88,59,23,14,0,92,80,15,4,1,92,40,15,19,2,-24.47374,634.0
76,59,35,13,0,92,80,15,4,1,80,59,31,11,2,-59.97374,634.0
80,60,31,12,0,92,80,15,5,1,92,40,15,19,2,-46.25152,634.0
92,80,19,7,1,92,67,19,5,0,92,59,15,6,2,-24.25152,634.0
92,69,19,5,0,92,80,15,7,1,72,89,7,5,2,-76.86263,634.0
92,80,15,5,1,84,59,27,9,0,68,80,19,13,2,-90.86264,634.0
88,65,19,4,0,88,80,19,7,1,84,40,19,19,2,-50.91819,583.0
96,60,19,8,0,96,80,15,6,1,96,42,15,16,2,-24.08485,581.0
96,39,15,20,0,72,88,11,-3,1,96,50,15,9,2,-73.19596,581.0
96,64,15,4,0,96,80,15,6,1,88,69,11,3,2,-26.5293,581.0
96,80,15,5,1,88,60,27,15,0,96,39,19,20,2,-98.19596,581.0
96,62,15,3,0,88,69,11,3,1,96,39,15,10,2,-25.5293,581.0
96,59,19,11,0,96,80,15,4,1,96,39,15,18,2,-29.58485,581.0
88,59,27,10,0,96,80,15,6,1,96,39,15,20,2,-45.41818,581.0
96,59,19,15,0,96,80,19,8,1,96,47,15,9,2,-21.14041,581.0
96,60,19,7,0,96,80,15,7,1,96,39,15,19,2,-27.58485,581.0
96,80,19,6,1,96,68,23,5,0,84,68,15,3,2,-42.5293,581.0
96,61,15,5,0,96,80,15,8,1,96,39,15,20,2,-32.86263,581.0
96,59,15,4,0,96,39,15,46,1,96,49,19,10,2,-37.86263,567.0
92,80,19,10,1,92,61,19,6,0,92,38,19,12,2,-46.36263,566.0
96,80,15,7,1,92,59,19,9,0,92,39,19,18,2,-58.25152,566.0
92,60,19,8,0,96,88,15,3,1,92,38,19,20,2,-36.30707,566.0
96,80,15,7,1,92,58,23,14,0,92,38,19,20,2,-64.25152,566.0
88,59,23,14,0,96,80,15,7,1,92,38,23,20,2,-27.41818,566.0
96,80,15,9,1,92,59,23,9,0,92,38,19,20,2,-63.25152,566.0
92,72,19,4,0,96,80,15,8,1,92,39,19,19,2,-39.36263,566.0
92,59,19,8,0,92,53,23,5,1,92,38,19,21,2,-36.5293,566.0
92,59,19,3,0,72,72,7,3,1,92,59,19,8,2,-79.5293,566.0
96,80,15,11,1,96,80,15,9,0,92,44,23,15,2,-42.14041,566.0
92,62,23,12,0,96,80,15,6,1,92,38,23,20,2,-35.41819,566.0
76,59,35,13,0,96,80,15,9,1,92,38,23,20,2,-64.64041,566.0
96,65,15,3,0,96,88,19,4,1,92,38,23,21,2,-72.25152,524.0
92,61,23,8,0,96,80,19,10,1,92,37,15,4,2,-32.69596,524.0
88,59,27,16,0,96,80,19,10,1,92,37,23,17,2,-29.36263,524.0
92,59,23,11,0,84,69,11,4,1,92,37,19,21,2,-47.30708,524.0
92,60,23,7,0,96,80,19,5,1,68,81,15,3,2,-85.30708,524.0
96,80,19,15,1,92,66,23,7,0,92,66,27,5,2,-39.58485,524.0
96,80,19,14,1,92,64,19,4,0,92,37,19,21,2,-21.41819,524.0
88,59,23,9,0,96,88,19,5,1,92,37,19,21,2,-43.75152,524.0
92,60,23,5,0,92,80,23,14,1,92,37,19,21,2,-59.75152,524.0
92,59,19,4,0,96,88,19,4,1,88,69,7,4,2,-70.08485,524.0
96,59,19,4,0,92,80,23,13,1,88,69,7,4,2,-64.75152,524.0
92,72,19,3,0,96,88,15,3,1,92,36,19,22,2,-49.36263,524.0
92,67,15,3,0,92,88,23,12,1,92,47,23,5,2,-99.36262,464.0
92,67,15,4,0,92,88,23,13,1,92,59,23,-10,2,-90.5293,463.0
92,67,23,4,0,92,96,23,8,1,92,33,23,24,2,-87.64042,463.0
92,88,23,14,1,92,68,23,3,0,92,42,23,6,2,-50.0293,463.0
88,57,27,18,0,92,88,23,14,1,92,32,23,25,2,-45.86263,463.0
92,64,23,3,0,96,80,23,3,1,92,32,23,25,2,-61.36263,463.0
92,63,19,4,0,92,88,23,10,1,92,42,23,15,2,-91.36262,463.0
92,88,23,13,1,92,63,19,3,0,92,52,15,5,2,-40.86263,463.0
92,64,23,5,0,92,88,23,8,1,92,44,23,13,2,-68.0293,463.0
92,88,23,15,1,92,62,23,6,0,84,68,11,4,2,-45.0293,463.0
92,58,23,13,0,92,96,23,5,1,92,88,23,9,2,-43.30707,434.0
88,59,27,8,1,92,64,23,4,0,88,30,27,26,2,-54.75152,432.0
92,96,23,11,1,92,64,23,4,0,64,72,27,19,2,-90.69596,432.0
92,88,23,9,1,92,58,23,6,0,92,44,23,12,2,-96.80708,432.0
92,29,23,16,1,92,72,23,4,0,92,30,23,26,2,-28.5293,432.0
92,42,23,14,1,92,49,23,7,0,92,31,23,12,2,-42.75152,432.0
96,73,19,3,0,92,96,23,9,1,88,70,7,3,2,-89.14042,432.0
92,56,23,13,0,92,57,23,10,1,92,45,23,8,2,-36.0293,432.0
84,65,31,38,1,92,57,23,3,0,92,29,23,14,2,-91.58486,432.0
84,66,31,3,0,92,88,23,10,1,92,71,23,8,2,-93.08484,432.0
84,65,31,4,0,92,88,23,10,1,92,31,23,11,2,-92.91818,432.0
92,59,23,7,0,92,96,23,9,1,92,35,23,21,2,-90.69596,432.0
96,80,15,3,0,92,96,23,8,1,100,44,15,4,2,-55.5293,432.0
92,57,27,7,0,92,88,23,11,1,92,29,27,27,2,-83.97374,432.0
88,72,27,5,0,100,88,15,3,1,100,39,15,4,2,-44.19596,361.0
80,55,39,15,1,88,66,31,7,0,88,24,31,19,2,-69.5293,360.0
88,72,19,4,0,108,88,11,3,1,104,32,15,4,2,-62.75152,360.0
92,88,19,5,1,92,82,15,3,0,104,48,15,4,2,-85.0293,360.0
92,96,27,11,1,92,104,27,9,0,88,24,31,31,2,-51.30707,360.0
92,89,27,25,1,88,64,23,9,0,108,32,11,3,2,-59.47374,360.0
92,96,27,14,1,88,61,27,9,0,92,88,27,22,2,-46.91819,360.0
92,96,27,16,1,88,80,31,3,0,104,39,15,3,2,-99.41818,360.0
88,21,31,31,1,88,61,23,4,0,88,20,23,5,2,-86.41818,269.0
100,59,11,3,0,96,73,15,7,1,96,45,11,12,2,-39.58485,853.0
96,59,11,3,0,96,72,11,9,1,96,44,15,14,2,-28.69596,852.0
96,60,15,5,0,96,72,11,3,1,72,90,11,6,2,-86.19596,852.0
96,59,15,6,0,96,72,15,6,1,96,45,11,14,2,-27.86263,852.0
96,61,11,5,0,96,72,11,3,1,92,66,7,3,2,-21.30708,852.0
96,61,11,5,0,96,72,11,6,1,96,59,15,5,2,-28.91819,852.0
96,61,15,7,0,96,72,11,7,1,96,45,11,14,2,-13.75152,852.0
96,61,11,8,0,96,72,11,4,1,96,72,11,6,2,-19.19596,852.0
92,64,15,3,0,92,80,15,4,1,92,41,15,17,2,-33.5293,686.0
92,58,15,8,0,92,60,15,5,1,92,42,15,17,2,-28.69596,684.0
92,80,15,6,1,92,64,15,6,0,92,42,15,16,2,-45.19596,684.0
92,80,15,3,1,68,88,11,6,0,92,42,15,16,2,-59.36263,684.0
84,59,27,12,0,92,80,15,3,1,92,41,15,17,2,-32.47374,684.0
92,80,15,4,1,92,61,15,6,0,88,59,19,13,2,-51.41818,684.0
92,59,19,12,0,96,80,15,4,1,92,41,19,17,2,-29.86263,630.0
92,59,19,5,0,96,80,15,7,1,92,40,15,6,2,-36.91818,629.0
92,58,31,15,0,92,80,19,4,1,92,40,19,18,2,-40.64041,629.0
92,53,23,5,0,96,80,15,5,1,92,40,19,18,2,-55.5293,629.0
96,80,15,3,1,112,59,-1,11,0,88,59,19,7,2,-73.14041,629.0
96,80,15,7,1,92,40,19,18,0,96,80,15,4,2,-53.0293,629.0
92,60,19,6,0,96,80,15,3,1,64,72,23,3,2,-79.14041,629.0
92,59,15,5,0,96,80,15,6,1,60,67,23,13,2,-88.4182,629.0
92,40,19,26,0,96,80,15,6,1,92,40,19,18,2,-65.14041,629.0
84,61,27,12,0,96,80,15,4,1,92,40,19,18,2,-32.30708,629.0
92,39,19,19,0,92,80,19,4,1,92,59,19,12,2,-17.25152,629.0
92,60,23,13,0,96,80,15,5,1,64,88,19,13,2,-73.5293,629.0
92,59,19,9,0,92,40,15,5,1,92,40,19,18,2,-26.69596,617.0
88,59,23,16,0,88,80,19,6,1,88,59,19,6,2,-33.58485,616.0
80,59,27,10,0,88,80,19,6,1,56,68,31,3,2,-78.80708,616.0
88,80,15,4,1,88,59,19,13,0,88,67,19,3,2,-43.41819,616.0
80,59,27,14,0,88,80,19,5,1,88,40,19,71,2,-27.19596,616.0
80,58,27,10,0,88,80,19,6,1,60,65,19,8,2,-66.0293,616.0
88,80,19,5,1,88,59,19,6,0,64,83,15,12,2,-83.75152,616.0
88,80,19,4,1,88,59,19,9,0,80,59,27,-5,2,-91.0293,616.0
88,59,19,14,0,88,80,19,5,1,88,49,19,9,2,-20.0293,616.0
80,59,27,14,0,88,80,19,4,1,88,45,19,13,2,-28.91819,616.0
60,90,15,13,0,88,82,19,3,1,68,67,23,3,2,-86.36262,616.0
88,39,19,19,0,88,80,19,5,1,56,88,23,18,2,-87.14042,616.0
80,59,27,14,0,88,80,19,8,1,88,40,19,3,2,-39.58485,616.0
88,59,23,10,0,88,80,19,5,1,88,39,19,19,2,-26.47374,616.0
88,58,23,15,0,88,80,19,7,1,80,65,7,7,2,-66.14041,616.0
88,59,19,9,0,88,80,19,4,1,88,40,19,12,2,-37.30707,616.0
92,59,19,15,0,96,80,15,8,1,84,57,31,17,2,-52.69596,553.0
92,37,19,28,0,96,80,15,7,1,84,58,31,13,2,-79.86263,552.0
92,58,23,10,0,96,80,19,10,1,92,42,23,15,2,-44.69596,552.0
92,60,23,6,0,68,80,15,6,1,92,37,19,21,2,-81.14041,552.0
96,80,19,13,1,92,59,23,14,0,92,37,19,20,2,-27.80707,552.0
92,57,23,16,0,96,80,19,6,1,92,37,19,21,2,-23.80707,552.0
92,59,23,16,0,96,88,15,3,1,64,80,23,7,2,-71.58486,552.0
92,60,23,13,0,96,88,15,3,1,64,80,15,4,2,-71.58486,552.0
96,88,15,6,1,92,59,19,4,0,96,80,19,6,2,-55.36263,552.0
92,59,23,8,0,96,80,15,7,1,92,36,23,21,2,-46.47374,552.0
92,58,23,8,0,92,64,27,6,1,92,37,19,20,2,-49.19596,552.0
96,80,19,13,1,96,67,23,4,0,92,45,19,12,2,-21.08485,552.0
96,80,15,13,1,96,65,19,4,0,92,37,19,20,2,-23.75152,552.0
92,58,23,8,0,96,80,19,7,1,92,64,19,4,2,-34.08485,552.0
92,80,19,8,1,92,59,19,9,0,92,37,19,20,2,-63.47374,522.0
92,58,23,15,0,92,80,19,10,1,92,35,19,10,2,-34.0293,520.0
92,58,23,16,0,92,80,19,16,1,92,35,19,22,2,-25.58485,520.0
92,59,19,6,0,92,88,19,3,1,92,35,19,68,2,-47.47374,520.0
92,59,19,4,0,92,89,19,3,1,92,80,19,11,2,-77.86263,520.0
92,59,19,7,0,92,88,19,3,1,92,35,19,22,2,-57.08485,520.0
92,58,19,14,0,92,80,19,11,1,92,35,19,22,2,-21.80708,520.0
92,80,19,15,1,92,64,27,5,0,116,80,23,3,2,-79.58486,520.0
92,64,19,5,0,88,80,23,7,1,92,35,19,22,2,-55.5293,520.0
92,80,23,9,1,92,63,19,5,0,92,35,19,22,2,-57.25151,520.0
92,82,19,15,1,92,65,19,3,0,92,35,19,22,2,-20.86263,520.0
92,80,19,9,1,92,57,19,12,0,92,35,19,22,2,-47.47374,520.0
92,57,19,10,0,92,80,23,3,1,92,40,19,17,2,-41.19596,520.0
88,58,27,15,0,92,88,19,4,1,92,35,19,22,2,-33.08485,520.0
92,88,19,7,1,88,72,27,5,0,92,41,19,17,2,-99.0293,484.0
92,63,19,6,0,92,80,23,18,1,92,34,15,4,2,-46.97374,483.0
96,88,19,7,1,92,72,23,6,0,92,46,23,11,2,-78.86263,483.0
92,58,23,12,0,92,58,23,12,1,92,33,23,10,2,-45.58485,483.0
84,64,27,5,0,92,80,23,7,1,92,33,23,24,2,-57.30708,483.0
92,80,23,15,1,92,62,23,6,0,92,45,23,12,2,-17.97374,483.0
92,88,23,9,1,92,62,23,7,0,92,44,23,13,2,-87.91818,483.0
92,58,23,10,0,96,88,19,8,1,84,68,11,3,2,-46.08485,483.0
92,88,23,10,1,88,72,27,3,0,92,42,23,15,2,-80.25152,483.0
92,80,23,14,1,92,59,23,9,0,64,68,31,9,2,-73.19596,483.0
92,61,15,1,0,92,80,23,15,1,84,68,11,3,2,-94.19596,483.0
92,63,23,6,0,92,88,23,13,1,84,67,11,3,2,-57.58486,483.0
88,68,27,5,0,92,88,23,7,1,92,33,23,24,2,-69.97374,483.0
84,57,31,18,0,92,96,23,4,1,92,42,23,15,2,-46.69596,483.0
92,88,23,9,1,92,82,23,-12,0,92,33,23,24,2,-77.36263,466.0
92,58,19,3,0,92,88,23,10,1,92,32,19,5,2,-97.58486,465.0
92,57,23,15,0,92,36,23,6,1,92,40,23,16,2,-24.69596,465.0
92,88,23,13,1,88,67,27,3,0,92,32,23,8,2,-99.97374,465.0
92,59,23,5,0,92,88,23,9,1,92,32,19,6,2,-85.08486,465.0
84,57,31,14,0,92,88,23,7,1,92,36,23,8,2,-44.30708,465.0
92,65,23,4,0,92,88,23,11,1,92,32,23,10,2,-74.0293,465.0
92,66,23,4,0,92,96,23,4,1,92,33,23,23,2,-94.69596,465.0
92,57,19,3,0,92,80,23,14,1,92,37,23,20,2,-90.86262,465.0
92,62,19,3,0,92,88,23,7,1,92,32,23,23,2,-88.0293,465.0
92,88,23,15,1,96,68,19,4,0,92,40,23,10,2,-39.47374,465.0
92,80,23,16,1,92,58,23,9,0,92,46,19,0,2,-21.58485,465.0
92,58,23,8,0,92,88,23,15,1,92,32,23,24,2,-69.41818,465.0
92,96,23,6,1,92,64,23,4,0,92,88,23,13,2,-72.80708,465.0
92,58,15,3,0,92,80,23,18,1,92,32,19,7,2,-99.14042,465.0
96,66,19,4,0,92,80,23,19,1,92,42,23,14,2,-65.41818,465.0
92,88,27,11,1,92,60,19,5,0,92,81,23,12,2,-39.14041,432.0
88,69,15,7,0,92,97,27,4,1,64,73,11,3,2,-92.0293,431.0
92,58,23,7,0,92,88,23,15,1,104,47,11,3,2,-84.47374,431.0
92,96,23,5,1,92,66,19,3,0,116,88,15,4,2,-84.47374,431.0
92,74,23,3,0,92,88,23,9,1,92,49,11,6,2,-63.30707,431.0
92,80,23,20,1,92,65,19,3,0,88,41,27,15,2,-22.25152,431.0
92,61,23,8,0,92,88,23,13,1,104,44,11,3,2,-67.19596,431.0
92,61,19,6,0,92,88,23,10,1,84,72,31,5,2,-83.19596,417.0
80,69,35,8,0,84,96,27,7,1,84,27,23,27,2,-82.0293,400.0
80,55,47,22,0,88,88,27,9,1,88,89,27,9,2,-80.75151,400.0
88,88,27,9,1,88,55,27,12,0,80,68,11,6,2,-80.19596,400.0
88,57,27,11,0,92,80,23,12,1,88,48,27,7,2,-55.58485,400.0
88,88,27,16,1,88,55,27,12,0,88,40,27,9,2,-71.86263,400.0
92,88,23,11,1,76,69,39,12,0,80,68,11,4,2,-96.25152,400.0
88,56,23,16,0,88,88,27,10,1,88,27,27,27,2,-45.41818,400.0
88,59,27,8,0,88,80,27,19,1,88,33,27,69,2,-62.69596,400.0
88,59,27,16,0,88,88,27,8,1,88,30,19,5,2,-46.5293,400.0
88,72,27,4,0,92,96,23,8,1,92,88,23,3,2,-83.19596,381.0
92,88,27,17,1,92,63,23,3,0,92,45,27,9,2,-46.69596,379.0
92,88,27,21,1,92,62,27,6,0,92,25,27,24,2,-48.19596,379.0
92,96,19,8,1,92,63,19,5,0,64,89,15,3,2,-96.75152,379.0
92,72,27,8,0,92,96,27,9,1,108,38,11,3,2,-72.25152,379.0
92,64,23,6,0,92,88,27,3,1,92,25,23,12,2,-74.0293,379.0
92,96,27,7,1,92,54,27,18,0,92,88,27,13,2,-87.69596,379.0
92,62,23,7,0,92,88,27,21,1,108,39,11,3,2,-94.19596,364.0
92,96,27,11,1,88,67,31,5,0,92,88,27,3,2,-59.30707,363.0
80,63,39,15,0,92,88,27,13,1,88,44,31,5,2,-69.80708,363.0
92,88,27,13,0,92,96,27,10,1,104,41,15,4,2,-48.64041,363.0
92,88,27,16,1,92,64,19,4,0,96,54,19,17,2,-26.25152,363.0
92,88,27,19,1,92,80,27,3,0,88,41,31,13,2,-37.30707,363.0
88,54,31,11,0,92,88,27,12,1,88,23,31,31,2,-92.41818,363.0
76,64,7,3,0,96,72,11,5,1,76,80,11,7,2,-62.14041,882.0
96,59,11,5,0,96,72,11,4,1,96,44,15,13,2,-29.75152,881.0
96,58,15,4,0,96,72,11,3,1,96,44,11,13,2,-19.19596,881.0
80,58,27,11,0,96,72,11,4,1,96,44,11,13,2,-48.41818,881.0
96,61,11,4,0,80,81,7,3,1,96,46,11,13,2,-51.64041,881.0
96,61,11,5,0,96,59,11,17,1,96,44,15,13,2,-26.25152,881.0
92,66,19,3,0,92,80,15,3,1,96,59,11,6,2,-39.58485,710.0
92,59,15,7,0,96,72,11,3,1,92,42,15,3,2,-15.30707,709.0
88,59,19,11,0,96,72,11,7,1,76,81,11,5,2,-38.86263,709.0
88,80,15,5,1,88,58,15,9,0,84,38,23,20,2,-87.75152,578.0
96,63,19,6,0,96,80,15,6,1,96,46,19,9,2,-39.86263,577.0
96,59,19,8,0,96,80,19,7,1,96,38,19,20,2,-31.14041,577.0
96,80,19,7,1,96,59,19,8,0,96,38,19,20,2,-66.0293,577.0
96,80,19,8,1,96,72,19,3,0,96,38,19,20,2,-52.30707,577.0
92,58,23,17,0,96,80,19,4,1,60,72,23,9,2,-97.08486,577.0
96,70,35,4,0,96,80,19,6,1,96,38,19,20,2,-80.30708,577.0
84,58,31,16,0,96,80,19,6,1,96,38,19,20,2,-51.41819,577.0
96,80,19,9,1,96,63,19,5,0,96,38,19,20,2,-40.80707,577.0
96,80,19,7,1,96,59,19,10,0,96,38,19,19,2,-67.0293,577.0
96,80,19,4,1,96,60,15,7,0,96,80,19,9,2,-49.19596,577.0
96,80,19,7,1,96,59,19,8,0,96,46,19,12,2,-47.58485,564.0
96,59,19,13,0,96,71,19,4,1,96,38,19,20,2,-20.91818,563.0
96,37,19,21,0,96,80,19,7,1,68,67,11,5,2,-84.41818,563.0
88,58,27,15,0,96,80,19,7,1,96,37,19,16,2,-39.80707,563.0
96,62,19,8,0,96,80,19,10,1,96,37,23,21,2,-36.75152,563.0
96,58,19,9,0,96,80,19,7,1,64,72,23,5,2,-84.47374,563.0
96,58,19,4,0,96,80,19,7,1,96,37,19,21,2,-62.08485,563.0
96,59,19,5,0,96,80,19,5,1,96,53,19,5,2,-43.5293,563.0
96,58,15,5,0,96,80,19,12,1,96,44,19,14,2,-66.0293,563.0
84,58,39,17,0,96,80,19,10,1,96,80,19,6,2,-73.97374,563.0
84,62,31,7,0,96,88,19,4,1,96,37,19,21,2,-72.86263,563.0
96,58,19,12,0,96,80,19,7,1,64,67,23,13,2,-78.36263,563.0
96,61,19,6,0,96,80,19,8,1,96,60,19,8,2,-40.47374,563.0
88,58,27,15,0,96,80,19,7,1,96,44,19,14,2,-29.80707,542.0
96,80,19,14,1,96,68,23,6,0,92,36,23,22,2,-35.58485,541.0
96,58,19,10,0,96,80,19,9,1,116,80,31,3,2,-94.30708,541.0
96,58,19,3,0,96,80,19,9,1,96,72,19,3,2,-71.36263,541.0
96,80,19,9,1,96,61,15,6,0,60,72,27,9,2,-97.97374,541.0
88,58,31,15,0,96,80,19,8,1,72,80,15,14,2,-75.91818,541.0
96,80,19,9,1,88,58,27,15,0,96,72,15,3,2,-41.97374,541.0
96,62,23,7,0,96,80,19,5,1,92,36,23,21,2,-48.64041,541.0
96,80,19,7,1,96,59,15,7,0,92,36,7,42,2,-43.25152,541.0
96,58,15,6,0,96,80,19,9,1,96,36,19,21,2,-45.19596,541.0
96,80,19,12,1,96,62,19,7,0,92,36,23,22,2,-33.69596,541.0
96,80,19,10,1,96,58,19,12,0,96,80,19,7,2,-28.75152,520.0
92,58,23,10,0,92,80,23,12,1,92,41,19,16,2,-46.08485,519.0
96,80,19,11,0,96,88,19,5,1,92,35,19,22,2,-22.86263,519.0
92,62,23,7,0,96,80,11,6,1,64,72,23,19,2,-88.4182,519.0
92,58,19,3,0,96,80,15,10,1,92,35,19,4,2,-69.36263,519.0
92,80,23,7,1,96,80,19,-13,0,92,35,19,22,2,-53.97374,519.0
96,80,19,13,1,92,72,23,4,0,92,51,19,6,2,-17.75152,519.0
92,58,19,4,1,92,61,19,7,0,92,35,19,22,2,-32.0293,519.0
96,72,19,4,0,92,80,23,10,1,92,35,19,21,2,-44.30707,519.0
92,58,19,5,0,92,66,23,3,1,92,35,19,22,2,-47.75152,519.0
96,80,19,11,1,92,65,23,3,0,92,45,19,8,2,-44.14041,519.0
92,80,23,13,1,92,67,23,3,0,116,80,27,3,2,-78.14041,519.0
92,59,23,5,0,96,88,15,3,1,92,34,19,22,2,-68.0293,505.0
92,58,19,15,0,92,80,19,15,1,92,33,23,23,2,-26.91819,504.0
92,57,19,20,0,92,88,19,5,1,92,33,19,18,2,-38.97374,504.0
92,58,19,5,0,92,34,23,52,1,68,80,19,5,2,-87.5293,504.0
92,88,19,8,1,92,59,19,8,0,92,80,19,16,2,-39.86263,504.0
92,72,19,5,0,92,88,19,6,1,92,49,19,7,2,-47.30708,504.0
92,57,23,16,0,92,88,19,6,1,92,88,19,7,2,-26.91819,504.0
92,60,19,7,0,92,88,19,3,1,92,34,19,8,2,-54.91819,504.0
92,80,19,7,1,92,57,19,13,0,92,33,23,23,2,-73.58486,504.0
88,57,27,13,0,92,89,23,3,1,92,43,19,13,2,-38.64041,504.0
92,65,23,8,0,92,80,19,13,1,92,34,19,5,2,-29.86263,504.0
92,80,19,10,1,92,72,19,5,0,88,34,23,23,2,-43.41818,504.0
80,88,31,4,1,68,88,11,8,0,92,35,19,6,2,-81.58486,504.0
92,62,19,8,0,92,80,19,4,1,92,34,19,23,2,-26.69596,504.0
92,88,19,7,0,92,80,19,10,1,92,48,19,8,2,-66.91818,504.0
92,65,19,5,0,92,88,19,9,1,92,33,23,16,2,-69.75152,504.0
92,57,19,4,0,92,80,19,13,1,92,36,19,21,2,-71.41818,475.0
92,60,23,7,0,92,80,23,6,1,84,68,11,3,2,-52.19596,474.0
92,80,23,9,1,92,88,23,6,0,92,43,19,12,2,-38.41818,474.0
84,56,31,19,0,92,88,23,6,1,92,31,23,3,2,-39.58485,474.0
92,80,23,7,1,88,72,27,4,0,92,31,23,25,2,-81.47374,474.0
92,80,15,3,1,92,57,19,9,0,68,72,11,5,2,-85.25152,474.0
92,57,23,13,0,92,80,23,16,1,92,37,23,5,2,-44.64041,474.0
92,88,19,8,1,92,74,23,3,0,64,68,11,6,2,-96.58486,474.0
92,57,19,6,0,92,88,19,7,1,92,41,19,15,2,-61.64041,474.0
92,88,19,8,0,92,80,23,3,1,92,41,23,15,2,-87.41818,474.0
84,61,31,16,0,92,88,23,8,1,92,37,23,19,2,-47.41819,474.0
92,56,27,18,0,92,80,23,14,1,92,44,23,11,2,-30.0293,474.0
92,81,23,6,1,92,72,23,3,0,92,47,23,9,2,-74.14041,455.0
88,30,23,15,2,92,55,19,6,0,92,88,23,6,1,-56.58485,454.0
92,56,23,10,0,92,96,19,5,1,104,34,11,3,2,-67.86263,454.0
92,56,23,13,0,92,80,23,20,1,88,43,27,12,2,-45.58485,454.0
92,63,19,4,0,92,82,23,3,1,88,30,23,25,2,-60.25152,454.0
88,29,27,26,0,92,80,23,10,1,88,29,27,12,2,-71.41818,454.0
92,70,23,4,0,92,88,23,10,1,88,30,23,25,2,-64.08485,454.0
92,58,15,6,0,92,73,23,5,1,88,40,23,12,2,-51.80707,454.0
88,74,11,4,0,92,88,19,3,1,72,88,11,5,2,-59.19596,454.0
92,57,23,10,0,92,80,23,13,1,88,29,23,26,2,-52.25152,454.0
92,55,23,4,0,96,80,19,3,1,88,29,23,4,2,-63.80708,454.0
92,60,19,6,0,92,80,19,4,1,88,30,23,25,2,-44.08485,454.0
88,56,27,13,0,92,88,23,4,1,92,96,19,4,2,-46.41818,454.0
92,96,27,15,1,88,80,31,5,0,88,88,35,-47,2,-62.80707,255.0
100,73,11,3,1,96,56,15,6,0,96,44,11,11,2,-57.75152,923.0
96,58,11,7,0,96,72,15,3,1,76,82,11,6,2,-50.86263,921.0
100,58,11,5,0,100,73,11,3,1,96,45,11,11,2,-26.91819,921.0
100,72,11,4,1,96,57,11,6,0,96,44,11,11,2,-34.97374,921.0
96,61,15,3,0,96,72,15,4,1,96,49,15,7,2,-37.14041,853.0
96,72,15,4,1,96,72,15,-8,0,96,45,11,13,2,-39.41818,852.0
76,81,11,5,1,96,61,15,3,0,72,96,7,3,2,-71.30708,852.0
96,45,11,13,0,96,72,11,5,1,72,80,15,12,2,-44.41818,852.0
96,72,11,5,1,96,60,11,4,0,96,54,11,4,2,-26.41819,852.0
96,58,15,4,0,96,72,11,4,1,76,88,7,3,2,-86.08484,852.0
92,72,15,5,1,92,43,15,27,0,92,57,11,26,2,-28.41819,791.0
68,80,19,14,1,96,58,11,6,0,72,88,11,3,2,-72.25152,789.0
96,72,11,6,1,96,59,11,3,0,96,43,11,14,2,-32.80707,789.0
96,58,11,4,0,96,72,15,6,1,80,80,7,3,2,-59.47374,789.0
92,59,15,8,0,96,72,15,8,1,96,43,11,14,2,-26.30708,789.0
92,58,19,10,0,96,72,11,4,1,96,43,11,14,2,-18.97374,789.0
96,58,11,7,0,88,58,19,11,1,92,42,15,15,2,-37.36263,704.0
96,72,11,3,1,92,59,19,5,0,92,42,15,16,2,-53.58485,703.0
92,59,19,8,0,96,80,15,3,1,92,42,15,16,2,-32.91818,703.0
76,82,7,4,1,96,59,11,6,0,68,80,19,15,2,-85.41818,703.0
96,80,15,3,1,92,57,15,7,0,92,41,15,16,2,-89.47374,703.0
100,72,11,3,1,96,58,11,7,0,92,41,15,14,2,-46.0293,703.0
96,72,15,10,1,92,41,15,16,0,68,66,19,3,2,-64.91818,703.0
96,72,15,10,1,96,58,11,7,0,92,42,15,16,2,-24.30708,703.0
84,58,27,12,0,96,80,11,5,1,92,41,15,16,2,-40.0293,676.0
88,59,19,8,0,92,72,15,10,1,80,80,7,3,2,-41.14041,675.0
92,58,15,9,0,92,80,15,3,1,92,41,15,8,2,-30.19596,675.0
92,61,15,4,0,92,80,15,3,1,92,41,15,17,2,-31.36263,675.0
84,59,23,5,0,92,72,19,9,1,92,41,15,14,2,-36.86263,675.0
92,72,15,9,1,92,59,15,11,0,92,41,15,17,2,-15.14041,675.0
92,80,15,3,1,92,59,15,7,0,76,82,7,4,2,-65.0293,675.0
92,80,15,5,1,92,59,15,5,0,88,67,7,4,2,-39.30707,675.0
88,58,23,13,0,92,80,15,3,1,92,45,15,61,2,-18.41818,675.0
76,80,31,5,1,92,63,15,9,0,64,72,15,3,2,-73.75152,675.0
92,58,15,3,0,92,80,15,5,1,92,41,15,17,2,-54.86263,675.0
92,61,15,8,0,92,72,15,9,1,92,45,15,7,2,-15.64041,675.0
92,80,15,3,1,92,63,15,3,0,68,72,19,3,2,-74.25152,675.0
92,61,15,5,0,92,72,15,11,1,92,59,15,28,2,-29.5293,675.0
92,80,15,4,1,92,62,19,10,0,92,41,15,17,2,-77.91818,675.0
88,67,23,7,0,88,81,15,5,1,88,39,19,11,2,-37.97374,556.0
88,58,27,12,0,96,80,19,6,1,96,80,15,24,2,-35.64041,554.0
96,80,15,8,1,92,72,23,4,0,68,80,19,17,2,-68.47374,554.0
96,81,19,5,1,92,59,23,9,0,80,80,7,3,2,-76.41818,554.0
92,58,23,11,0,96,88,15,5,1,96,60,19,7,2,-33.36263,554.0
96,72,19,5,0,96,80,19,9,1,92,37,19,20,2,-41.58485,554.0
96,61,19,7,0,96,80,19,10,1,96,80,19,11,2,-45.75152,554.0
96,61,15,6,0,96,88,15,4,1,96,64,19,6,2,-42.5293,554.0
92,62,23,6,0,96,88,15,3,1,92,37,19,20,2,-54.69596,554.0
92,58,19,11,0,96,80,19,11,1,92,36,23,21,2,-33.14041,554.0
96,72,19,4,0,96,80,19,10,1,92,36,19,21,2,-35.64041,554.0
96,58,19,12,0,96,80,19,7,1,96,38,19,21,2,-32.30707,536.0
92,88,19,4,1,92,62,23,11,0,72,80,19,6,2,-85.0293,535.0
92,80,19,11,1,92,62,23,6,0,92,35,19,17,2,-55.5293,535.0
92,58,19,7,0,92,80,23,11,1,92,35,19,21,2,-58.25152,535.0
92,80,19,8,1,92,72,23,3,0,92,35,19,21,2,-66.36263,535.0
88,72,27,6,0,92,80,19,7,1,72,88,11,4,2,-77.41818,535.0
92,60,19,7,0,92,88,19,4,1,92,35,19,15,2,-57.08485,535.0
92,80,19,8,1,92,72,23,5,0,92,35,19,21,2,-56.08486,535.0
92,80,19,10,1,92,56,19,11,0,92,40,19,16,2,-42.08485,535.0
92,72,23,4,0,68,80,19,15,1,92,35,19,21,2,-76.08486,535.0
92,57,23,16,0,92,81,19,7,1,60,88,23,16,2,-77.91818,535.0
92,35,19,21,0,92,80,19,7,1,92,36,19,3,2,-57.14041,535.0
96,63,19,7,0,96,80,19,9,1,92,35,23,22,2,-48.91818,467.0
92,64,23,8,0,92,89,27,8,1,92,30,23,26,2,-59.41818,466.0
92,57,23,16,0,92,80,23,3,1,92,30,23,7,2,-25.80707,466.0
92,58,15,3,0,92,88,23,8,1,92,56,19,6,2,-99.14042,466.0
92,56,23,11,0,92,88,23,6,1,92,43,23,63,2,-25.91819,466.0
92,44,23,26,0,92,82,23,17,1,92,44,23,5,2,-57.41819,466.0
92,56,27,18,0,92,80,23,13,1,92,41,23,14,2,-29.64041,466.0
92,57,19,10,0,92,88,23,5,1,84,67,11,4,2,-42.30707,466.0
92,30,23,9,1,92,56,19,3,0,92,30,23,21,2,-35.58485,466.0
64,88,19,16,0,92,88,23,10,1,84,67,11,3,2,-99.19596,466.0
92,58,19,8,0,92,88,19,7,1,92,39,23,5,2,-64.5293,466.0
92,80,23,15,1,92,57,19,8,0,92,42,23,14,2,-31.97374,466.0
92,62,11,4,0,92,80,19,5,1,92,31,23,18,2,-64.91818,466.0
92,58,19,3,0,92,80,23,16,1,92,31,23,24,2,-90.86262,466.0
92,88,23,8,1,96,67,15,3,0,92,89,23,8,2,-51.86263,466.0
92,56,23,5,0,92,88,23,5,1,92,30,23,25,2,-84.0293,452.0
92,66,23,12,0,92,80,23,15,1,92,29,23,26,2,-28.08485,451.0
92,80,23,15,1,92,59,23,19,0,92,51,23,4,2,-15.0293,451.0
92,80,23,15,1,92,55,23,4,0,92,35,23,6,2,-55.80707,451.0
92,73,23,7,0,92,88,23,8,1,92,29,23,26,2,-41.80707,451.0
92,80,23,16,1,92,65,11,5,0,92,50,23,4,2,-22.5293,451.0
92,61,23,6,0,92,55,23,5,1,92,49,23,6,2,-48.30707,451.0
92,62,27,7,0,92,96,23,3,1,80,67,15,5,2,-79.5293,451.0
92,88,23,8,1,92,74,23,6,0,92,96,23,-55,2,-46.58485,451.0
92,88,23,7,1,104,64,15,3,0,88,55,27,28,2,-70.64041,451.0
92,60,23,8,0,92,96,23,5,1,92,29,23,26,2,-82.25152,451.0
92,55,23,12,0,92,80,23,12,1,84,67,11,5,2,-42.75152,451.0
92,88,23,14,1,88,73,27,6,0,88,28,27,27,2,-76.08486,420.0
80,59,19,8,0,88,82,23,3,1,60,66,11,5,2,-72.5293,400.0
88,88,23,11,1,84,72,15,5,0,84,45,27,3,2,-77.75152,400.0
84,54,27,8,0,84,55,27,15,1,84,32,27,13,2,-50.69596,400.0
80,54,31,14,0,84,88,27,9,1,84,26,27,13,2,-54.08486,400.0
84,88,27,13,1,84,72,27,4,0,84,42,27,11,2,-55.14041,400.0
88,69,23,4,0,88,88,23,12,1,80,68,7,3,2,-76.08485,400.0
84,88,27,14,1,84,73,19,5,0,84,26,27,28,2,-63.86263,400.0
88,89,23,10,1,84,66,15,3,0,84,40,27,14,2,-88.36262,400.0
84,53,27,15,0,88,96,23,9,1,84,35,27,19,2,-66.0293,400.0
88,88,23,12,1,84,64,27,9,0,84,38,27,5,2,-94.25152,400.0
88,89,23,11,1,84,64,27,3,0,88,96,23,-43,2,-45.75152,400.0
84,89,27,13,1,84,73,27,4,0,100,42,11,4,2,-82.47374,400.0
84,58,27,8,0,88,88,23,8,1,84,47,27,6,2,-80.25152,400.0
84,62,31,12,0,88,88,23,15,1,88,88,23,4,2,-42.75152,400.0
84,88,27,11,1,80,60,15,7,0,80,64,15,3,2,-54.64041,382.0
92,88,27,15,1,100,67,23,5,0,88,24,27,30,2,-75.75152,379.0
88,61,27,10,0,92,88,23,3,1,88,24,27,29,2,-57.64041,379.0
88,55,27,16,0,92,80,27,6,1,88,24,27,13,2,-45.58485,379.0
88,54,31,16,0,92,96,27,11,1,88,23,27,11,2,-75.41818,379.0
92,67,15,3,0,92,96,23,8,1,104,31,15,3,2,-96.0293,379.0
92,62,27,7,0,88,57,27,7,1,92,51,23,3,2,-54.86263,379.0
92,88,27,11,1,96,54,19,3,0,92,66,27,5,2,-62.58485,356.0
92,96,27,12,1,96,67,19,5,0,88,22,31,105,2,-62.30707,354.0
88,60,35,12,0,92,88,27,13,1,92,50,23,41,2,-51.58485,354.0
104,42,15,3,1,92,68,15,4,0,104,28,19,3,2,-79.97374,354.0
92,80,31,5,0,92,88,27,15,1,88,21,31,32,2,-77.5293,354.0
92,55,27,11,0,92,88,27,9,1,92,72,31,5,2,-59.75151,354.0
92,80,31,23,1,92,66,27,4,0,88,21,35,33,2,-30.80708,354.0
92,54,27,17,0,92,88,27,13,1,88,40,31,13,2,-52.25152,354.0
68,64,11,3,1,60,56,19,4,0,68,45,7,9,2,-43.25152,1163.0
68,64,15,3,1,68,55,11,6,0,68,43,11,10,2,-33.08485,1162.0
68,64,11,4,1,68,56,11,3,0,68,44,11,10,2,-17.47374,1145.0
64,55,11,4,0,68,64,11,3,1,44,64,19,4,2,-50.97374,1143.0
68,64,11,4,1,64,57,11,6,0,64,42,11,10,2,-30.30708,1143.0
96,45,11,13,0,96,72,11,3,1,96,45,11,13,2,-26.86263,820.0
92,72,11,7,0,92,72,11,5,1,68,88,11,7,2,-56.41818,819.0
76,57,31,12,0,92,72,15,5,1,92,42,11,14,2,-66.75152,819.0
80,57,27,10,0,92,72,15,5,1,92,43,11,11,2,-48.47374,819.0
96,72,11,6,1,96,60,15,5,0,96,43,11,15,2,-35.25152,734.0
92,58,15,7,0,92,72,19,8,1,92,42,15,15,2,-35.08485,732.0
92,72,15,7,1,92,61,15,5,0,92,41,15,16,2,-22.64041,732.0
92,58,15,7,0,92,72,15,9,1,92,42,15,7,2,-29.5293,732.0
92,57,15,3,0,92,72,15,5,1,92,41,15,16,2,-42.0293,732.0
80,57,27,11,0,92,72,15,4,1,92,42,15,16,2,-34.69597,732.0
92,72,15,8,1,92,57,15,7,0,92,42,15,62,2,-22.97374,732.0
92,59,15,5,0,92,72,15,6,1,92,42,15,15,2,-33.14041,732.0
92,72,15,4,1,92,59,11,4,0,88,65,7,4,2,-29.47374,732.0
92,57,15,7,0,92,72,15,8,1,92,42,15,15,2,-30.47374,732.0
92,57,11,8,0,92,58,15,8,1,92,49,15,8,2,-20.08485,732.0
96,60,11,3,0,92,72,15,6,1,92,41,15,16,2,-41.58485,713.0
84,58,27,11,0,96,72,15,6,1,96,41,15,11,2,-34.69597,712.0
92,64,19,6,0,96,80,15,3,1,96,42,15,16,2,-32.91818,712.0
96,72,15,7,1,92,58,19,11,0,96,41,15,16,2,-38.19596,712.0
88,59,23,8,0,96,72,19,5,1,96,42,15,16,2,-26.97374,712.0
96,72,15,7,1,96,61,11,4,0,80,80,7,-62,2,-43.30707,712.0
96,59,15,6,0,96,72,15,3,1,92,41,15,10,2,-19.41818,685.0
96,80,11,4,1,92,64,15,3,0,92,63,-1,20,2,-43.75152,684.0
92,58,15,10,0,92,72,19,9,1,92,41,15,16,2,-29.19596,684.0
92,59,19,7,0,96,80,11,3,1,92,40,15,16,2,-35.97374,684.0
88,59,19,7,0,96,80,11,3,1,92,54,11,4,2,-26.64041,684.0
80,58,31,13,0,96,80,15,3,1,92,40,15,32,2,-49.75152,684.0
92,72,19,9,1,88,58,23,13,0,60,88,19,18,2,-99.08486,684.0
84,64,27,7,0,96,80,11,3,1,92,61,15,5,2,-49.36263,671.0
96,80,15,3,1,96,61,11,4,0,96,40,15,17,2,-71.80708,670.0
96,80,15,4,1,92,59,19,9,0,88,67,11,3,2,-51.19596,670.0
96,59,15,5,0,96,80,15,3,1,96,41,15,17,2,-41.14041,670.0
96,72,15,10,1,96,60,15,6,0,92,40,19,17,2,-18.5293,670.0
96,72,15,10,1,96,59,11,6,0,88,67,11,3,2,-25.25152,670.0
96,72,11,3,1,92,62,11,3,0,92,50,11,10,2,-35.75152,1073.0
100,72,11,3,1,100,59,7,4,0,92,60,19,6,2,-41.5293,1072.0
96,58,11,5,0,96,72,11,4,1,92,1,11,55,2,-26.91819,887.0
96,72,11,6,1,96,58,11,8,0,96,45,11,12,2,-19.64041,885.0
96,72,11,3,1,96,61,15,5,0,96,47,11,13,2,-32.41818,885.0
100,58,11,4,0,96,72,11,5,1,84,1,31,3,2,-90.91818,885.0
100,72,7,3,1,92,57,15,10,0,84,72,7,4,2,-47.47374,885.0
96,59,15,6,0,96,72,11,3,1,96,45,11,64,2,-13.0293,885.0
92,57,15,8,0,92,72,11,4,1,92,44,11,11,2,-24.30708,799.0
92,72,11,6,1,76,58,27,10,0,92,43,15,14,2,-65.41818,797.0
92,57,15,9,0,92,72,11,5,1,64,72,27,4,2,-72.64041,797.0
84,58,19,12,0,92,72,15,7,1,92,44,11,13,2,-32.08485,797.0
92,72,11,7,1,92,57,11,5,0,92,42,11,14,2,-20.41818,797.0
76,58,27,11,0,92,72,15,7,1,72,1,23,4,2,-38.25152,797.0
92,73,19,10,1,92,60,15,3,0,92,42,15,59,2,-22.14041,710.0
92,80,15,3,1,92,60,15,5,0,92,42,15,16,2,-81.08485,709.0
80,65,27,5,0,92,72,15,9,1,92,42,15,16,2,-39.5293,709.0
84,58,27,13,0,92,80,15,3,1,92,41,15,16,2,-43.30707,709.0
60,96,15,9,0,92,80,15,4,1,72,93,7,3,2,-82.86263,709.0
84,59,39,12,0,92,72,15,8,1,92,45,15,13,2,-90.97374,709.0
92,72,15,9,1,92,62,15,8,0,92,42,15,16,2,-13.75152,709.0
92,72,15,11,1,92,58,15,7,0,92,48,15,10,2,-9.529296,685.0
76,58,31,13,0,92,80,15,3,1,92,41,15,4,2,-52.41819,685.0
84,65,27,7,0,92,80,15,3,1,92,41,15,14,2,-44.41818,685.0
92,60,15,13,0,92,80,15,3,1,92,41,15,17,2,-26.19596,685.0
92,80,15,4,1,92,60,15,12,0,92,41,15,17,2,-62.30708,685.0
92,58,15,5,0,60,72,19,3,1,92,41,15,17,2,-88.41818,685.0
92,57,15,9,0,92,80,15,4,1,92,40,19,17,2,-27.30707,685.0
92,80,15,3,1,92,57,15,10,0,72,88,7,-17,2,-70.19596,685.0
88,59,19,13,0,92,80,15,3,1,92,41,15,17,2,-28.69596,685.0
92,57,15,6,0,92,80,15,5,1,92,41,15,17,2,-31.36263,672.0
88,59,23,10,0,92,80,15,3,1,64,89,15,12,2,-79.0293,672.0
92,80,15,5,1,92,58,15,11,0,92,41,15,13,2,-72.86263,672.0
92,80,15,4,1,92,59,15,7,0,72,88,11,4,2,-68.47374,672.0
92,80,19,5,1,92,59,15,9,0,92,41,15,9,2,-80.86263,672.0
92,58,19,10,0,92,80,15,4,1,84,40,23,17,2,-40.97374,672.0
92,80,15,3,1,92,61,15,6,0,92,40,15,18,2,-70.58486,672.0
92,80,15,3,1,92,62,15,7,0,76,80,11,7,2,-56.0293,672.0
92,59,19,13,0,92,80,15,4,1,92,40,15,18,2,-29.08485,672.0
92,80,15,3,1,92,60,15,13,0,92,50,19,9,2,-61.97374,672.0
80,72,31,4,0,92,80,15,5,1,92,40,11,3,2,-64.91818,627.0
92,80,19,6,1,92,58,19,15,0,92,40,15,18,2,-66.0293,600.0
92,80,19,5,1,92,59,19,13,0,92,80,15,4,2,-43.08485,600.0
92,80,19,8,1,92,59,19,8,0,92,40,19,18,2,-59.0293,600.0
88,58,23,14,0,92,80,19,6,1,92,39,19,19,2,-22.91819,600.0
76,58,35,16,0,92,80,19,3,1,92,39,19,19,2,-56.97374,600.0
92,80,19,5,1,92,39,19,29,0,84,68,11,5,2,-63.36263,600.0
92,80,19,5,1,92,58,23,12,0,92,40,15,18,2,-80.69596,600.0
92,46,23,5,0,92,44,15,4,1,92,39,15,5,2,-37.14041,600.0
88,58,27,15,0,92,80,15,5,1,92,40,15,4,2,-45.30708,600.0
92,73,23,12,1,92,58,19,10,0,112,72,19,4,2,-47.86263,600.0
92,80,19,6,1,108,49,7,3,0,92,50,19,8,2,-93.0293,600.0
92,80,19,5,1,92,58,19,9,0,72,89,11,4,2,-77.97374,600.0
92,58,19,9,0,92,80,19,4,1,92,39,19,18,2,-38.47374,600.0
92,80,15,5,1,92,58,19,11,0,92,40,15,7,2,-81.30708,600.0
84,58,31,13,0,92,80,19,5,1,92,48,15,10,2,-41.58485,600.0
92,74,19,4,1,88,58,23,14,0,68,88,11,7,2,-96.58486,600.0
92,80,19,6,1,92,58,19,13,0,92,39,15,19,2,-69.91818,600.0
76,60,39,14,0,96,80,19,8,1,96,40,19,19,2,-85.86262,565.0
76,59,39,15,0,96,80,15,10,1,92,38,19,3,2,-80.19596,563.0
96,80,15,7,1,92,51,19,7,0,92,40,19,18,2,-73.47374,563.0
84,59,27,13,0,96,80,15,11,1,92,38,19,15,2,-34.91819,563.0
84,59,27,12,0,96,80,15,9,1,92,38,19,20,2,-44.5293,563.0
92,59,19,9,0,96,88,15,3,1,92,38,19,20,2,-45.36263,563.0
80,64,39,6,0,96,80,15,9,1,92,38,19,20,2,-84.08484,563.0
80,59,35,15,0,96,80,15,8,1,92,38,19,20,2,-59.36263,563.0
80,59,31,18,0,96,88,15,3,1,92,38,19,20,2,-52.97374,563.0
96,80,19,10,1,84,58,35,16,0,92,38,19,20,2,-81.91818,563.0
96,80,15,11,1,92,59,23,15,0,92,43,19,15,2,-45.30708,563.0
96,80,15,8,1,112,70,27,-1,0,92,47,19,11,2,-85.14042,563.0
64,72,27,3,0,96,80,15,10,1,68,80,19,18,2,-97.5293,543.0
92,58,19,15,0,92,80,19,4,1,92,37,19,21,2,-30.64041,542.0
88,58,23,18,0,92,88,19,3,1,92,36,19,12,2,-27.36263,542.0
72,59,39,16,0,92,80,19,10,1,92,37,19,21,2,-87.14042,542.0
88,59,23,13,0,92,80,19,10,1,92,36,19,22,2,-24.47374,542.0
88,58,23,16,0,92,88,19,3,1,92,80,19,-31,2,-36.30707,542.0
84,58,31,16,0,92,88,19,3,1,92,80,19,9,2,-38.30707,542.0
92,88,19,3,1,92,88,19,3,0,92,53,23,4,2,-54.69596,542.0
92,80,19,12,1,88,58,23,16,0,92,37,19,21,2,-32.75152,542.0
92,80,19,8,1,84,58,27,15,0,92,80,-1,6,2,-75.08485,542.0
76,58,35,17,0,92,88,23,3,1,92,37,19,21,2,-67.75152,542.0
92,59,23,11,0,92,80,27,3,1,88,32,23,24,2,-49.08485,448.0
92,56,27,15,0,92,88,23,9,1,92,30,23,5,2,-48.86263,447.0
80,56,35,22,0,92,88,23,8,1,88,31,27,25,2,-59.41819,447.0
92,56,31,20,0,92,88,23,9,1,92,40,23,15,2,-40.25152,447.0
92,61,23,9,0,92,80,23,16,1,92,57,23,15,2,-43.30708,447.0
92,56,23,19,0,92,88,23,8,1,92,42,23,13,2,-41.5293,447.0
92,56,23,15,0,92,88,23,7,1,92,30,23,27,2,-35.14041,447.0
92,58,23,12,0,92,88,23,7,1,80,69,15,4,2,-43.0293,447.0
92,58,23,10,0,92,81,23,3,1,104,33,15,6,2,-44.08485,378.0
88,54,31,19,0,92,88,23,13,1,88,25,27,30,2,-43.30708,376.0
88,24,27,30,1,88,72,31,3,0,88,27,27,10,2,-58.69596,376.0
88,56,27,7,0,108,88,11,4,1,88,24,27,31,2,-86.19596,376.0
88,55,27,3,0,88,52,27,40,1,88,25,27,30,2,-90.0293,376.0
88,58,27,12,0,92,88,23,15,1,88,24,27,23,2,-54.5293,376.0
88,59,31,6,0,92,80,27,21,1,88,25,27,19,2,-96.25152,376.0
88,57,27,12,1,80,60,39,10,0,88,25,27,16,2,-80.91818,376.0
84,66,35,14,0,92,88,23,12,1,88,40,31,89,2,-49.25152,376.0
88,60,27,8,0,92,80,27,8,1,88,25,27,9,2,-68.69596,376.0
96,72,11,3,1,96,56,11,6,0,96,48,11,8,2,-42.47374,907.0
96,72,11,5,1,92,59,15,11,0,96,45,11,12,2,-35.58485,852.0
96,72,11,5,1,88,60,19,9,0,80,80,7,3,2,-52.19596,852.0
96,52,11,5,0,96,72,15,4,1,96,45,11,13,2,-38.69596,852.0
96,72,11,5,1,88,57,19,10,0,96,43,11,13,2,-48.69596,852.0
88,58,23,13,0,96,80,11,3,1,80,80,7,3,2,-60.41818,685.0
96,80,15,4,1,100,45,15,3,0,96,80,15,7,2,-77.86263,685.0
96,59,15,8,0,96,80,11,3,1,92,40,19,17,2,-34.69596,685.0
92,58,19,13,0,96,80,15,3,1,68,80,19,17,2,-52.58485,685.0
96,58,19,15,0,96,80,11,5,1,92,41,19,14,2,-35.97374,685.0
92,56,23,15,0,96,80,15,3,1,72,80,15,12,2,-58.47374,685.0
96,72,15,11,1,80,57,31,15,0,92,41,19,16,2,-63.0293,685.0
92,57,23,14,0,96,80,15,4,1,92,59,31,13,2,-55.19596,655.0
88,57,27,14,0,92,80,15,3,1,92,80,19,6,2,-34.36263,652.0
92,80,19,5,1,92,57,19,8,0,64,96,11,3,2,-99.25152,652.0
92,80,15,4,1,92,58,23,14,0,92,39,15,18,2,-94.30708,652.0
92,80,19,5,1,92,58,23,13,0,84,72,11,4,2,-52.86263,652.0
92,45,19,12,0,92,80,15,4,1,72,82,11,4,2,-77.91818,652.0
92,80,15,4,1,92,59,19,9,0,76,82,7,4,2,-58.75152,652.0
92,57,19,10,0,92,72,19,12,1,92,39,15,17,2,-30.69596,652.0
92,58,23,13,0,92,72,19,13,1,92,39,15,3,2,-33.36263,652.0
76,57,39,15,0,92,80,19,4,1,92,39,15,18,2,-77.14041,652.0
80,57,31,14,0,92,81,15,5,1,68,88,15,9,2,-69.19596,652.0
92,80,19,4,1,92,59,19,7,0,92,39,15,18,2,-88.25152,652.0
76,58,35,13,0,92,80,19,4,1,92,39,15,18,2,-61.14041,652.0
88,59,39,15,0,96,80,15,8,1,92,58,23,12,2,-80.69596,574.0
92,59,23,16,0,96,80,19,9,1,96,46,19,12,2,-33.64041,574.0
96,80,19,10,1,96,58,19,15,0,96,41,15,11,2,-38.75152,574.0
108,52,11,4,0,96,80,19,7,1,96,47,19,11,2,-90.97374,574.0
96,37,19,21,0,96,80,19,8,1,96,46,15,12,2,-35.08485,574.0
96,58,19,9,0,96,80,19,6,1,96,41,15,17,2,-37.30707,574.0
96,80,19,6,1,96,58,19,10,0,68,88,15,11,2,-92.69596,574.0
96,38,15,3,1,96,58,15,3,0,96,38,19,17,2,-51.25152,574.0
96,59,27,15,0,96,48,15,10,1,96,49,15,6,2,-50.58485,574.0
96,58,19,15,0,96,80,19,8,1,96,37,19,21,2,-31.30708,574.0
96,39,19,18,0,96,80,19,8,1,96,38,15,20,2,-35.80707,555.0
92,58,19,13,0,96,80,15,8,1,92,37,19,6,2,-31.58486,553.0
96,80,15,9,1,92,37,19,20,0,96,80,19,11,2,-76.58486,553.0
80,59,31,14,0,96,80,15,9,1,92,41,19,17,2,-57.14041,553.0
96,80,15,10,1,92,59,23,11,0,96,80,15,11,2,-42.75152,553.0
92,58,23,17,0,96,80,15,11,1,92,53,19,5,2,-37.5293,553.0
96,80,19,9,1,92,58,19,13,0,92,37,19,16,2,-60.25152,553.0
96,80,19,10,1,92,59,19,10,0,96,80,19,9,2,-30.58485,553.0
92,59,19,7,1,92,68,19,9,0,64,88,19,15,2,-96.25152,553.0
84,70,11,3,1,92,58,19,10,0,92,37,19,21,2,-87.08486,553.0
92,62,23,10,0,96,80,15,11,1,92,36,23,22,2,-39.58485,511.0
92,80,23,15,1,80,57,39,19,0,92,40,23,17,2,-73.30708,510.0
84,57,31,17,0,92,80,23,12,1,92,34,19,5,2,-47.97374,510.0
92,80,23,13,1,92,73,23,3,0,64,88,19,15,2,-75.5293,510.0
92,80,23,12,1,80,54,39,21,0,92,43,23,14,2,-92.0293,510.0
92,55,27,16,0,92,88,19,3,1,92,33,23,23,2,-34.69596,510.0
84,56,31,18,0,92,42,23,15,1,92,33,23,24,2,-42.25152,510.0
88,57,27,18,0,92,80,23,12,1,92,34,23,20,2,-39.36263,510.0
92,80,23,13,1,92,57,23,12,0,84,69,11,4,2,-41.5293,510.0
92,56,23,15,0,92,88,19,5,1,64,68,11,3,2,-96.25152,448.0
92,56,23,6,1,100,55,19,4,0,92,29,27,27,2,-56.30707,448.0
92,54,23,18,0,92,88,23,8,1,92,29,23,26,2,-33.64041,448.0
84,55,35,20,0,92,80,23,18,1,92,42,23,39,2,-46.69596,448.0
92,88,23,9,1,92,55,23,23,0,72,88,11,5,2,-79.08486,448.0
92,28,27,22,1,92,56,23,12,0,108,72,19,3,2,-34.97374,448.0
92,56,23,13,0,92,88,23,8,1,92,45,27,10,2,-59.14041,448.0
92,56,35,21,0,92,88,23,7,1,92,31,27,15,2,-48.19596,448.0
72,70,43,8,0,92,80,27,17,1,92,29,23,24,2,-94.25152,448.0
92,88,23,8,1,92,56,23,20,0,92,41,23,15,2,-92.69596,435.0
88,88,27,10,1,84,66,31,9,0,88,52,23,3,2,-73.86263,434.0
80,55,35,14,0,88,80,27,18,1,88,45,27,10,2,-54.08486,434.0
88,27,27,28,0,88,88,27,13,1,76,55,39,20,2,-34.30708,434.0
68,55,47,21,0,88,88,27,11,1,88,46,27,53,2,-87.47374,434.0
80,57,35,12,0,88,88,27,11,1,88,29,23,10,2,-74.0293,434.0
88,88,23,9,1,88,56,27,12,0,88,80,-1,4,2,-87.58484,434.0
80,57,35,12,0,88,80,27,18,1,88,55,27,5,2,-68.91818,434.0
88,88,27,12,1,88,56,27,21,0,96,54,19,3,2,-62.5293,434.0
88,88,27,10,1,80,55,35,15,0,80,68,11,4,2,-99.91818,434.0
80,54,35,16,0,88,80,27,9,1,88,27,23,3,2,-54.47374,434.0
76,54,39,23,0,88,88,27,11,1,88,80,27,3,2,-58.64041,434.0
88,58,23,8,0,96,72,15,4,1,96,44,15,11,2,-34.91819,880.0
96,72,11,6,1,92,57,19,11,0,96,43,11,14,2,-42.58485,879.0
96,72,11,6,1,96,58,15,10,0,96,43,11,14,2,-34.5293,879.0
96,57,15,13,0,96,43,11,14,1,80,80,7,3,2,-46.64041,879.0
80,57,27,12,0,92,72,15,10,1,92,46,19,11,2,-44.69596,746.0
88,58,19,9,0,92,72,19,8,1,64,96,11,3,2,-87.36264,746.0
96,80,11,3,1,92,58,15,11,0,92,42,15,15,2,-84.41818,746.0
92,72,15,7,1,84,58,23,11,0,92,41,15,16,2,-47.75152,746.0
92,72,19,3,1,92,58,15,7,0,92,45,19,11,2,-50.0293,746.0
76,80,11,6,0,92,72,15,9,1,92,72,15,8,2,-64.36263,746.0
92,80,19,6,1,92,58,19,13,0,92,39,19,16,2,-76.30708,598.0
92,80,15,7,1,84,57,23,17,0,88,38,19,19,2,-67.5293,597.0
96,50,15,4,0,92,80,15,5,1,88,38,23,20,2,-86.69596,597.0
76,59,39,16,0,92,80,15,8,1,88,45,19,13,2,-76.30707,597.0
92,80,15,10,1,120,72,11,3,0,88,39,19,19,2,-66.5293,597.0
92,80,15,5,1,88,58,19,9,0,88,39,19,19,2,-84.64042,597.0
88,58,19,16,0,92,80,19,7,1,88,39,19,19,2,-22.30707,597.0
92,80,15,9,1,88,58,19,14,0,88,39,19,18,2,-43.0293,597.0
92,80,15,6,1,88,58,19,9,0,88,39,19,15,2,-74.36263,597.0
80,57,27,11,0,92,80,15,7,1,88,39,19,19,2,-37.30708,597.0
76,58,31,11,0,92,80,15,5,1,88,39,19,19,2,-48.64041,597.0
92,80,15,6,1,88,58,19,14,0,64,67,23,3,2,-84.75152,597.0
96,80,15,10,1,92,59,19,10,0,96,88,15,3,2,-31.86263,562.0
92,46,23,11,0,92,80,19,12,1,92,35,19,21,2,-64.19596,561.0
72,57,39,19,0,92,80,19,9,1,56,88,27,20,2,-84.41818,561.0
92,58,19,10,0,92,80,19,9,1,88,56,27,18,2,-43.86263,561.0
92,57,23,17,0,92,80,19,8,1,92,36,19,21,2,-35.08485,561.0
88,57,23,18,0,92,88,19,3,1,92,36,19,21,2,-37.86263,561.0
92,80,19,8,1,84,58,27,18,0,92,36,19,21,2,-78.75152,551.0
92,80,19,9,1,68,62,15,3,0,92,40,23,18,2,-82.64041,550.0
92,35,19,22,0,92,80,19,13,1,80,69,31,6,2,-32.91819,550.0
72,57,43,17,0,92,80,19,8,1,92,52,23,5,2,-97.97374,550.0
80,57,31,17,0,92,80,19,12,1,92,34,23,14,2,-52.41818,550.0
92,62,19,7,0,92,80,19,9,1,92,40,19,17,2,-32.86263,550.0
72,57,39,12,0,92,88,19,3,1,92,57,19,17,2,-82.91818,550.0
92,80,19,10,1,84,58,27,16,0,92,35,19,22,2,-65.69596,550.0
92,57,23,16,0,84,68,31,23,1,92,80,19,9,2,-44.30707,550.0
92,57,19,14,0,92,88,19,5,1,92,34,19,12,2,-37.80707,532.0
84,56,27,19,0,92,80,19,12,1,60,81,31,9,2,-72.47374,531.0
92,88,19,4,1,92,56,23,18,0,92,56,19,13,2,-96.5293,531.0
92,80,19,13,1,92,56,19,12,0,92,32,23,13,2,-48.41818,531.0
84,55,31,19,0,92,80,19,11,1,92,33,19,23,2,-52.86263,531.0
92,32,19,24,0,92,88,19,5,1,92,40,19,16,2,-41.36263,531.0
72,56,39,16,0,92,88,19,4,1,52,80,31,34,2,-98.08484,531.0
92,88,19,4,1,92,56,23,19,0,112,69,15,4,2,-91.47374,531.0
84,56,31,19,0,92,80,23,15,1,92,50,19,6,2,-50.25152,531.0
80,56,43,20,0,92,80,19,10,1,92,33,19,6,2,-92.5293,514.0
92,56,27,18,0,92,88,23,6,1,92,32,23,52,2,-42.69596,513.0
84,56,31,19,0,92,88,23,5,1,92,48,23,8,2,-38.86263,513.0
116,72,15,5,1,124,72,27,6,0,92,42,23,9,2,-97.97374,513.0
92,88,23,8,1,92,62,23,9,0,92,47,23,9,2,-93.86262,513.0
84,55,31,16,0,92,81,23,14,1,92,31,23,12,2,-49.19596,513.0
84,57,31,19,0,92,88,23,5,1,92,36,27,20,2,-49.36263,513.0
80,57,35,13,0,92,88,23,6,1,92,33,23,13,2,-69.14041,502.0
92,80,23,17,1,92,72,23,4,0,92,38,23,7,2,-20.0293,500.0
92,58,23,10,0,92,31,23,65,1,92,80,23,16,2,-41.86263,500.0
76,56,39,21,0,92,31,23,17,1,92,31,23,21,2,-65.5293,500.0
92,80,23,15,1,92,56,23,20,0,92,46,23,5,2,-29.75152,500.0
92,80,23,15,1,92,57,23,14,0,92,31,23,8,2,-43.69596,500.0
92,56,27,20,0,92,80,23,14,1,92,31,23,9,2,-41.6404,500.0
72,56,43,20,0,92,80,23,17,1,92,42,23,11,2,-95.14042,500.0
92,56,23,13,0,92,80,23,16,1,92,31,23,22,2,-36.0293,500.0
96,88,19,9,1,92,72,23,3,0,92,48,23,7,2,-65.08486,500.0
92,80,23,14,1,92,68,23,4,0,92,39,27,14,2,-41.0293,500.0
84,56,35,21,0,84,88,31,10,1,92,30,27,17,2,-55.75152,500.0
92,80,23,17,1,92,56,23,14,0,88,30,27,13,2,-46.36263,472.0
84,54,31,14,0,88,80,23,18,1,84,27,27,16,2,-56.47374,471.0
84,73,27,6,0,88,80,23,20,1,84,27,27,14,2,-53.36263,471.0
84,54,39,22,0,88,88,23,12,1,84,80,27,6,2,-56.08485,471.0
84,55,27,10,0,88,88,23,9,1,84,27,27,17,2,-75.14041,471.0
84,54,27,8,0,88,80,23,16,1,84,48,27,7,2,-80.25152,471.0
76,55,39,21,0,88,88,27,13,1,84,26,27,28,2,-56.41818,471.0
76,54,35,22,0,88,80,23,19,1,84,27,27,24,2,-49.14041,471.0
76,57,47,15,0,88,21,31,13,1,88,21,31,32,2,-85.5293,302.0
92,64,7,3,1,96,55,7,4,0,104,45,7,8,2,-33.75152,1132.0
92,57,15,8,0,92,72,15,7,1,92,44,15,12,2,-27.14041,540.0
76,57,31,12,0,92,72,15,9,1,92,41,15,16,2,-50.75152,539.0
92,72,19,9,1,92,68,15,3,0,92,42,15,16,2,-26.14041,539.0
92,72,15,8,1,84,57,23,13,0,68,90,7,3,2,-84.36264,539.0
92,72,15,9,1,80,58,27,9,0,76,57,31,15,2,-90.19596,539.0
76,58,31,14,0,96,80,15,3,1,92,80,15,4,2,-63.19596,478.0
76,58,35,11,0,96,80,15,6,1,68,80,19,17,2,-71.80708,476.0
92,58,19,14,0,96,80,15,5,1,92,40,19,18,2,-30.08485,476.0
76,61,35,10,0,96,80,15,5,1,92,40,19,18,2,-65.14041,476.0
96,80,15,6,1,92,58,19,14,0,92,40,19,17,2,-64.5293,476.0
96,72,19,7,1,92,58,23,15,0,76,80,11,5,2,-68.41818,476.0
92,58,19,11,0,96,80,15,7,1,68,66,11,3,2,-68.19596,476.0
92,57,19,10,0,96,80,15,3,1,92,58,19,-2,2,-33.19596,476.0
88,58,23,14,0,96,80,15,5,1,92,40,19,17,2,-34.5293,476.0
92,58,19,13,0,96,80,15,3,1,92,40,19,17,2,-19.75152,476.0
92,59,23,13,0,96,80,15,5,1,92,40,19,17,2,-23.30707,476.0
80,58,31,15,0,96,80,15,4,1,92,40,19,17,2,-47.5293,476.0
96,80,15,6,1,96,80,15,-7,0,76,80,11,3,2,-52.69596,476.0
84,63,27,8,0,96,80,15,6,1,92,40,19,17,2,-47.14041,476.0
84,58,27,10,0,96,80,15,5,1,80,80,7,3,2,-64.75152,466.0
92,39,19,15,0,92,80,15,5,1,92,39,19,18,2,-19.5293,465.0
92,80,19,7,1,92,39,19,16,0,92,39,19,18,2,-92.58486,465.0
92,80,19,5,1,92,57,19,15,0,92,39,19,18,2,-79.30708,465.0
92,80,19,4,1,88,58,23,14,0,92,39,19,18,2,-86.75152,465.0
92,56,19,15,0,92,80,19,6,1,92,39,19,18,2,-31.80708,465.0
92,62,23,7,0,92,80,19,7,1,92,39,19,18,2,-33.80707,465.0
76,57,35,12,0,92,72,19,13,1,68,80,19,15,2,-68.30708,465.0
92,56,19,16,0,92,80,19,5,1,92,39,19,18,2,-31.58485,465.0
92,80,19,5,1,92,58,19,10,0,92,80,19,5,2,-50.19597,465.0
88,58,23,14,0,92,80,19,7,1,92,40,19,17,2,-32.91819,465.0
92,80,15,4,1,92,58,19,15,0,92,38,19,9,2,-99.64042,454.0
88,73,19,12,1,88,58,19,11,0,88,39,19,19,2,-25.19596,453.0
88,80,19,7,1,88,58,19,15,0,88,47,19,11,2,-44.91818,453.0
88,80,19,8,1,88,57,23,15,0,88,39,19,19,2,-56.69596,453.0
68,58,39,16,0,88,80,19,8,1,88,39,19,11,2,-87.14042,453.0
88,80,19,8,1,84,58,23,17,0,88,48,19,10,2,-44.5293,453.0
88,80,19,10,1,80,57,31,17,0,88,65,-1,7,2,-85.0293,453.0
88,80,19,7,1,96,40,15,3,0,72,80,11,5,2,-84.80708,453.0
88,80,19,6,1,88,57,19,10,0,88,39,19,19,2,-76.80708,453.0
88,57,31,16,0,88,80,19,8,1,88,39,19,11,2,-41.86263,453.0
88,80,19,6,1,84,53,27,20,0,88,39,19,19,2,-93.86264,453.0
88,72,27,3,0,92,44,19,8,1,92,40,19,18,2,-96.25152,382.0
76,58,39,15,0,96,80,15,6,1,92,37,19,20,2,-89.80708,381.0
96,80,15,6,1,92,55,23,19,0,80,80,7,4,2,-65.69596,381.0
96,80,19,8,1,92,58,23,14,0,92,41,19,16,2,-64.14041,381.0
96,80,19,7,1,96,57,15,11,0,76,80,11,7,2,-70.86263,381.0
76,55,35,17,0,96,47,15,10,1,92,37,19,6,2,-70.86263,381.0
80,58,39,16,0,96,80,15,7,1,92,37,23,20,2,-81.19596,381.0
96,80,15,6,1,92,57,23,16,0,76,80,11,7,2,-74.91818,381.0
92,58,23,15,0,96,80,15,7,1,92,40,19,17,2,-34.69596,381.0
80,56,35,18,0,96,80,15,8,1,64,88,19,16,2,-88.58486,381.0
84,58,31,18,0,96,80,15,9,1,92,63,23,9,2,-75.64041,381.0
96,80,19,7,1,96,58,15,10,0,92,38,19,19,2,-65.97374,381.0
92,37,23,32,0,96,80,15,7,1,92,37,23,19,2,-87.36262,381.0
96,80,19,8,1,96,58,19,9,0,96,53,15,4,2,-36.97374,381.0
96,80,15,8,1,96,57,15,14,0,76,80,15,4,2,-46.69596,362.0
100,44,15,5,0,96,80,15,7,1,92,43,19,14,2,-66.91818,361.0
92,58,19,15,0,92,88,19,3,1,92,36,19,21,2,-34.91819,361.0
96,80,15,9,1,84,58,27,15,0,92,36,19,21,2,-78.58485,361.0
88,58,23,16,0,96,88,15,6,1,76,57,35,16,2,-59.41818,361.0
76,59,35,17,0,96,80,15,9,1,92,37,19,8,2,-78.19596,361.0
92,80,19,9,1,88,58,23,18,0,92,37,19,20,2,-57.30707,361.0
92,58,19,9,0,92,80,19,12,1,112,73,15,3,2,-45.08485,361.0
96,80,15,10,1,84,55,27,19,0,92,37,19,20,2,-72.5293,361.0
96,80,15,8,1,92,57,19,15,0,92,36,19,20,2,-56.69596,361.0
96,80,15,10,1,88,56,23,18,0,92,41,19,16,2,-55.36263,349.0
80,58,31,15,0,92,80,19,13,1,64,88,19,13,2,-64.86263,285.0
88,46,27,8,1,88,80,27,21,0,88,29,23,62,2,-82.0293,207.0
76,65,35,16,0,88,88,27,12,1,84,21,27,5,2,-56.75152,206.0
88,54,51,22,0,108,88,31,17,1,100,33,31,14,2,-96.75152,206.0
100,56,15,26,1,100,48,11,3,0,104,2,35,3,2,-70.25152,206.0
